t,vin,vout
0.000000,1.000000,0.000000
0.010000,1.000000,0.019801
0.020000,1.000000,0.039211
0.030000,1.000000,0.058235
0.040000,1.000000,0.076884
0.050000,1.000000,0.095163
0.060000,1.000000,0.113080
0.070000,1.000000,0.130642
0.080000,1.000000,0.147856
0.090000,1.000000,0.164730
0.100000,1.000000,0.181269
0.110000,1.000000,0.197481
0.120000,1.000000,0.213372
0.130000,1.000000,0.228948
0.140000,1.000000,0.244216
0.150000,1.000000,0.259182
0.160000,1.000000,0.273851
0.170000,1.000000,0.288230
0.180000,1.000000,0.302324
0.190000,1.000000,0.316139
0.200000,1.000000,0.329680
0.210000,1.000000,0.342953
0.220000,1.000000,0.355964
0.230000,1.000000,0.368716
0.240000,1.000000,0.381217
0.250000,1.000000,0.393469
0.260000,1.000000,0.405479
0.270000,1.000000,0.417252
0.280000,1.000000,0.428791
0.290000,1.000000,0.440102
0.300000,1.000000,0.451188
0.310000,1.000000,0.462056
0.320000,1.000000,0.472708
0.330000,1.000000,0.483149
0.340000,1.000000,0.493383
0.350000,1.000000,0.503415
0.360000,1.000000,0.513248
0.370000,1.000000,0.522886
0.380000,1.000000,0.532334
0.390000,1.000000,0.541594
0.400000,1.000000,0.550671
0.410000,1.000000,0.559568
0.420000,1.000000,0.568289
0.430000,1.000000,0.576838
0.440000,1.000000,0.585217
0.450000,1.000000,0.593430
0.460000,1.000000,0.601481
0.470000,1.000000,0.609372
0.480000,1.000000,0.617107
0.490000,1.000000,0.624689
0.500000,-1.000000,0.625454
0.510000,-1.000000,0.593268
0.520000,-1.000000,0.561719
0.530000,-1.000000,0.530795
0.540000,-1.000000,0.500483
0.550000,-1.000000,0.470772
0.560000,-1.000000,0.441648
0.570000,-1.000000,0.413102
0.580000,-1.000000,0.385120
0.590000,-1.000000,0.357693
0.600000,-1.000000,0.330809
0.610000,-1.000000,0.304457
0.620000,-1.000000,0.278627
0.630000,-1.000000,0.253309
0.640000,-1.000000,0.228492
0.650000,-1.000000,0.204166
0.660000,-1.000000,0.180322
0.670000,-1.000000,0.156950
0.680000,-1.000000,0.134041
0.690000,-1.000000,0.111585
0.700000,-1.000000,0.089574
0.710000,-1.000000,0.067999
0.720000,-1.000000,0.046852
0.730000,-1.000000,0.026122
0.740000,-1.000000,0.005804
0.750000,-1.000000,-0.014112
0.760000,-1.000000,-0.033634
0.770000,-1.000000,-0.052770
0.780000,-1.000000,-0.071526
0.790000,-1.000000,-0.089911
0.800000,-1.000000,-0.107932
0.810000,-1.000000,-0.125596
0.820000,-1.000000,-0.142910
0.830000,-1.000000,-0.159882
0.840000,-1.000000,-0.176517
0.850000,-1.000000,-0.192823
0.860000,-1.000000,-0.208807
0.870000,-1.000000,-0.224473
0.880000,-1.000000,-0.239830
0.890000,-1.000000,-0.254882
0.900000,-1.000000,-0.269636
0.910000,-1.000000,-0.284099
0.920000,-1.000000,-0.298274
0.930000,-1.000000,-0.312170
0.940000,-1.000000,-0.325790
0.950000,-1.000000,-0.339140
0.960000,-1.000000,-0.352226
0.970000,-1.000000,-0.365052
0.980000,-1.000000,-0.377625
0.990000,-1.000000,-0.389949
1.000000,1.000000,-0.395362
1.010000,1.000000,-0.367732
1.020000,1.000000,-0.340649
1.030000,1.000000,-0.314103
1.040000,1.000000,-0.288082
1.050000,1.000000,-0.262576
1.060000,1.000000,-0.237575
1.070000,1.000000,-0.213070
1.080000,1.000000,-0.189049
1.090000,1.000000,-0.165505
1.100000,1.000000,-0.142426
1.110000,1.000000,-0.119804
1.120000,1.000000,-0.097631
1.130000,1.000000,-0.075896
1.140000,1.000000,-0.054592
1.150000,1.000000,-0.033710
1.160000,1.000000,-0.013241
1.170000,1.000000,0.006823
1.180000,1.000000,0.026489
1.190000,1.000000,0.045766
1.200000,1.000000,0.064661
1.210000,1.000000,0.083182
1.220000,1.000000,0.101336
1.230000,1.000000,0.119131
1.240000,1.000000,0.136573
1.250000,1.000000,0.153670
1.260000,1.000000,0.170428
1.270000,1.000000,0.186855
1.280000,1.000000,0.202956
1.290000,1.000000,0.218739
1.300000,1.000000,0.234209
1.310000,1.000000,0.249373
1.320000,1.000000,0.264236
1.330000,1.000000,0.278805
1.340000,1.000000,0.293086
1.350000,1.000000,0.307084
1.360000,1.000000,0.320804
1.370000,1.000000,0.334253
1.380000,1.000000,0.347436
1.390000,1.000000,0.360358
1.400000,1.000000,0.373023
1.410000,1.000000,0.385438
1.420000,1.000000,0.397607
1.430000,1.000000,0.409536
1.440000,1.000000,0.421228
1.450000,1.000000,0.432688
1.460000,1.000000,0.443922
1.470000,1.000000,0.454933
1.480000,1.000000,0.465726
1.490000,1.000000,0.476305
1.500000,-1.000000,0.480008
1.510000,-1.000000,0.450702
1.520000,-1.000000,0.421976
1.530000,-1.000000,0.393819
1.540000,-1.000000,0.366220
1.550000,-1.000000,0.339167
1.560000,-1.000000,0.312650
1.570000,-1.000000,0.286657
1.580000,-1.000000,0.261180
1.590000,-1.000000,0.236207
1.600000,-1.000000,0.211728
1.610000,-1.000000,0.187734
1.620000,-1.000000,0.164216
1.630000,-1.000000,0.141163
1.640000,-1.000000,0.118566
1.650000,-1.000000,0.096417
1.660000,-1.000000,0.074707
1.670000,-1.000000,0.053426
1.680000,-1.000000,0.032567
1.690000,-1.000000,0.012121
1.700000,-1.000000,-0.007921
1.710000,-1.000000,-0.027565
1.720000,-1.000000,-0.046821
1.730000,-1.000000,-0.065695
1.740000,-1.000000,-0.084195
1.750000,-1.000000,-0.102330
1.760000,-1.000000,-0.120105
1.770000,-1.000000,-0.137528
1.780000,-1.000000,-0.154606
1.790000,-1.000000,-0.171346
1.800000,-1.000000,-0.187754
1.810000,-1.000000,-0.203838
1.820000,-1.000000,-0.219603
1.830000,-1.000000,-0.235056
1.840000,-1.000000,-0.250203
1.850000,-1.000000,-0.265050
1.860000,-1.000000,-0.279603
1.870000,-1.000000,-0.293867
1.880000,-1.000000,-0.307850
1.890000,-1.000000,-0.321555
1.900000,-1.000000,-0.334989
1.910000,-1.000000,-0.348158
1.920000,-1.000000,-0.361065
1.930000,-1.000000,-0.373717
1.940000,-1.000000,-0.386118
1.950000,-1.000000,-0.398274
1.960000,-1.000000,-0.410189
1.970000,-1.000000,-0.421868
1.980000,-1.000000,-0.433315
1.990000,-1.000000,-0.444536
2.000000,1.000000,-0.448869
2.010000,1.000000,-0.420179
2.020000,1.000000,-0.392058
2.030000,1.000000,-0.364493
2.040000,1.000000,-0.337474
2.050000,1.000000,-0.310991
2.060000,1.000000,-0.285031
2.070000,1.000000,-0.259586
2.080000,1.000000,-0.234644
2.090000,1.000000,-0.210197
2.100000,1.000000,-0.186233
2.110000,1.000000,-0.162744
2.120000,1.000000,-0.139721
2.130000,1.000000,-0.117153
2.140000,1.000000,-0.095031
2.150000,1.000000,-0.073348
2.160000,1.000000,-0.052095
2.170000,1.000000,-0.031262
2.180000,1.000000,-0.010841
2.190000,1.000000,0.009175
2.200000,1.000000,0.028794
2.210000,1.000000,0.048025
2.220000,1.000000,0.066876
2.230000,1.000000,0.085353
2.240000,1.000000,0.103464
2.250000,1.000000,0.121217
2.260000,1.000000,0.138618
2.270000,1.000000,0.155674
2.280000,1.000000,0.172393
2.290000,1.000000,0.188781
2.300000,1.000000,0.204844
2.310000,1.000000,0.220589
2.320000,1.000000,0.236022
2.330000,1.000000,0.251150
2.340000,1.000000,0.265978
2.350000,1.000000,0.280513
2.360000,1.000000,0.294760
2.370000,1.000000,0.308725
2.380000,1.000000,0.322413
2.390000,1.000000,0.335830
2.400000,1.000000,0.348981
2.410000,1.000000,0.361872
2.420000,1.000000,0.374508
2.430000,1.000000,0.386894
2.440000,1.000000,0.399034
2.450000,1.000000,0.410934
2.460000,1.000000,0.422598
2.470000,1.000000,0.434032
2.480000,1.000000,0.445238
2.490000,1.000000,0.456223
2.500000,1.000000,0.466991
2.510000,-1.000000,0.444477
2.520000,-1.000000,0.415875
2.530000,-1.000000,0.387839
2.540000,-1.000000,0.360357
2.550000,-1.000000,0.333421
2.560000,-1.000000,0.307017
2.570000,-1.000000,0.281136
2.580000,-1.000000,0.255768
2.590000,-1.000000,0.230902
2.600000,-1.000000,0.206529
2.610000,-1.000000,0.182638
2.620000,-1.000000,0.159220
2.630000,-1.000000,0.136266
2.640000,-1.000000,0.113766
2.650000,-1.000000,0.091712
2.660000,-1.000000,0.070095
2.670000,-1.000000,0.048906
2.680000,-1.000000,0.028136
2.690000,-1.000000,0.007778
2.700000,-1.000000,-0.012178
2.710000,-1.000000,-0.031738
2.720000,-1.000000,-0.050911
2.730000,-1.000000,-0.069704
2.740000,-1.000000,-0.088125
2.750000,-1.000000,-0.106181
2.760000,-1.000000,-0.123880
2.770000,-1.000000,-0.141229
2.780000,-1.000000,-0.158233
2.790000,-1.000000,-0.174901
2.800000,-1.000000,-0.191240
2.810000,-1.000000,-0.207254
2.820000,-1.000000,-0.222951
2.830000,-1.000000,-0.238338
2.840000,-1.000000,-0.253420
2.850000,-1.000000,-0.268203
2.860000,-1.000000,-0.282694
2.870000,-1.000000,-0.296897
2.880000,-1.000000,-0.310820
2.890000,-1.000000,-0.324466
2.900000,-1.000000,-0.337843
2.910000,-1.000000,-0.350955
2.920000,-1.000000,-0.363806
2.930000,-1.000000,-0.376404
2.940000,-1.000000,-0.388752
2.950000,-1.000000,-0.400856
2.960000,-1.000000,-0.412719
2.970000,-1.000000,-0.424348
2.980000,-1.000000,-0.435747
2.990000,-1.000000,-0.446920
3.000000,-1.000000,-0.457872
3.010000,1.000000,-0.435539
3.020000,1.000000,-0.407113
3.030000,1.000000,-0.379250
3.040000,1.000000,-0.351939
3.050000,1.000000,-0.325169
3.060000,1.000000,-0.298929
3.070000,1.000000,-0.273208
3.080000,1.000000,-0.247997
3.090000,1.000000,-0.223285
3.100000,1.000000,-0.199063
3.110000,1.000000,-0.175320
3.120000,1.000000,-0.152047
3.130000,1.000000,-0.129235
3.140000,1.000000,-0.106874
3.150000,1.000000,-0.084957
3.160000,1.000000,-0.063473
3.170000,1.000000,-0.042415
3.180000,1.000000,-0.021774
3.190000,1.000000,-0.001541
3.200000,1.000000,0.018291
3.210000,1.000000,0.037730
3.220000,1.000000,0.056784
3.230000,1.000000,0.075461
3.240000,1.000000,0.093768
3.250000,1.000000,0.111713
3.260000,1.000000,0.129302
3.270000,1.000000,0.146543
3.280000,1.000000,0.163442
3.290000,1.000000,0.180007
3.300000,1.000000,0.196244
3.310000,1.000000,0.212160
3.320000,1.000000,0.227760
3.330000,1.000000,0.243051
3.340000,1.000000,0.258040
3.350000,1.000000,0.272732
3.360000,1.000000,0.287133
3.370000,1.000000,0.301248
3.380000,1.000000,0.315085
3.390000,1.000000,0.328647
3.400000,1.000000,0.341941
3.410000,1.000000,0.354971
3.420000,1.000000,0.367743
3.430000,1.000000,0.380263
3.440000,1.000000,0.392535
3.450000,1.000000,0.404563
3.460000,1.000000,0.416354
3.470000,1.000000,0.427911
3.480000,1.000000,0.439239
3.490000,1.000000,0.450343
3.500000,1.000000,0.461226
3.510000,-1.000000,0.438827
3.520000,-1.000000,0.410336
3.530000,-1.000000,0.382410
3.540000,-1.000000,0.355036
3.550000,-1.000000,0.328205
3.560000,-1.000000,0.301904
3.570000,-1.000000,0.276125
3.580000,-1.000000,0.250856
3.590000,-1.000000,0.226087
3.600000,-1.000000,0.201809
3.610000,-1.000000,0.178012
3.620000,-1.000000,0.154686
3.630000,-1.000000,0.131821
3.640000,-1.000000,0.109410
3.650000,-1.000000,0.087442
3.660000,-1.000000,0.065909
3.670000,-1.000000,0.044803
3.680000,-1.000000,0.024114
3.690000,-1.000000,0.003835
3.700000,-1.000000,-0.016042
3.710000,-1.000000,-0.035525
3.720000,-1.000000,-0.054623
3.730000,-1.000000,-0.073343
3.740000,-1.000000,-0.091692
3.750000,-1.000000,-0.109678
3.760000,-1.000000,-0.127307
3.770000,-1.000000,-0.144588
3.780000,-1.000000,-0.161526
3.790000,-1.000000,-0.178129
3.800000,-1.000000,-0.194403
3.810000,-1.000000,-0.210355
3.820000,-1.000000,-0.225991
3.830000,-1.000000,-0.241317
3.840000,-1.000000,-0.256340
3.850000,-1.000000,-0.271066
3.860000,-1.000000,-0.285500
3.870000,-1.000000,-0.299648
3.880000,-1.000000,-0.313516
3.890000,-1.000000,-0.327109
3.900000,-1.000000,-0.340433
3.910000,-1.000000,-0.353493
3.920000,-1.000000,-0.366295
3.930000,-1.000000,-0.378843
3.940000,-1.000000,-0.391143
3.950000,-1.000000,-0.403199
3.960000,-1.000000,-0.415017
3.970000,-1.000000,-0.426600
3.980000,-1.000000,-0.437954
3.990000,-1.000000,-0.449083
4.000000,-1.000000,-0.459992
4.010000,1.000000,-0.437617
4.020000,1.000000,-0.409150
4.030000,1.000000,-0.381247
4.040000,1.000000,-0.353897
4.050000,1.000000,-0.327088
4.060000,1.000000,-0.300810
4.070000,1.000000,-0.275052
4.080000,1.000000,-0.249804
4.090000,1.000000,-0.225057
4.100000,1.000000,-0.200799
4.110000,1.000000,-0.177021
4.120000,1.000000,-0.153715
4.130000,1.000000,-0.130870
4.140000,1.000000,-0.108477
4.150000,1.000000,-0.086528
4.160000,1.000000,-0.065013
4.170000,1.000000,-0.043924
4.180000,1.000000,-0.023253
4.190000,1.000000,-0.002991
4.200000,1.000000,0.016869
4.210000,1.000000,0.036336
4.220000,1.000000,0.055418
4.230000,1.000000,0.074122
4.240000,1.000000,0.092456
4.250000,1.000000,0.110426
4.260000,1.000000,0.128041
4.270000,1.000000,0.145307
4.280000,1.000000,0.162231
4.290000,1.000000,0.178820
4.300000,1.000000,0.195080
4.310000,1.000000,0.211019
4.320000,1.000000,0.226642
4.330000,1.000000,0.241955
4.340000,1.000000,0.256966
4.350000,1.000000,0.271679
4.360000,1.000000,0.286100
4.370000,1.000000,0.300237
4.380000,1.000000,0.314093
4.390000,1.000000,0.327675
4.400000,1.000000,0.340988
4.410000,1.000000,0.354037
4.420000,1.000000,0.366828
4.430000,1.000000,0.379366
4.440000,1.000000,0.391655
4.450000,1.000000,0.403701
4.460000,1.000000,0.415508
4.470000,1.000000,0.427082
4.480000,1.000000,0.438427
4.490000,1.000000,0.449547
4.500000,1.000000,0.460446
4.510000,-1.000000,0.438062
4.520000,-1.000000,0.409587
4.530000,-1.000000,0.381675
4.540000,-1.000000,0.354316
4.550000,-1.000000,0.327499
4.560000,-1.000000,0.301212
4.570000,-1.000000,0.275447
4.580000,-1.000000,0.250191
4.590000,-1.000000,0.225436
4.600000,-1.000000,0.201171
4.610000,-1.000000,0.177386
4.620000,-1.000000,0.154072
4.630000,-1.000000,0.131220
4.640000,-1.000000,0.108820
4.650000,-1.000000,0.086864
4.660000,-1.000000,0.065343
4.670000,-1.000000,0.044247
4.680000,-1.000000,0.023570
4.690000,-1.000000,0.003302
4.700000,-1.000000,-0.016565
4.710000,-1.000000,-0.036038
4.720000,-1.000000,-0.055126
4.730000,-1.000000,-0.073836
4.740000,-1.000000,-0.092175
4.750000,-1.000000,-0.110151
4.760000,-1.000000,-0.127771
4.770000,-1.000000,-0.145042
4.780000,-1.000000,-0.161972
4.790000,-1.000000,-0.178566
4.800000,-1.000000,-0.194831
4.810000,-1.000000,-0.210775
4.820000,-1.000000,-0.226402
4.830000,-1.000000,-0.241721
4.840000,-1.000000,-0.256736
4.850000,-1.000000,-0.271453
4.860000,-1.000000,-0.285879
4.870000,-1.000000,-0.300020
4.880000,-1.000000,-0.313881
4.890000,-1.000000,-0.327467
4.900000,-1.000000,-0.340784
4.910000,-1.000000,-0.353837
4.920000,-1.000000,-0.366632
4.930000,-1.000000,-0.379173
4.940000,-1.000000,-0.391467
4.950000,-1.000000,-0.403516
4.960000,-1.000000,-0.415328
4.970000,-1.000000,-0.426905
4.980000,-1.000000,-0.438253
4.990000,-1.000000,-0.449376
5.000000,-1.000000,-0.460279
